VideoCompletes,SocialLikes,SocialShares,conversion
36307,0,0,5
36307,0,0,0
35922,0,0,99
33824,0,0,63
28285,0,0,8
22547,0,0,16
14490,0,0,2
14057,0,0,9
16716,1,0,36
19065,4,0,238
19065,4,0,7
19065,4,0,62
19641,4,0,8
19641,4,0,37
19641,4,0,100
21726,4,0,234
21726,4,0,61
21726,4,0,85
21416,4,0,1
21416,4,0,50
21416,4,0,93
21416,4,0,108
22564,6,0,26
22564,6,0,56
22221,6,0,9
22221,6,0,17
22466,6,0,115
20952,6,0,130
26627,6,0,63
26838,6,0,109
27200,6,0,10
29806,6,0,75
29941,6,0,129
30649,6,0,189
35782,6,0,75
36020,6,0,32
36936,6,0,24
36936,6,0,3
36476,17,0,50
34181,14,0,119
34740,14,0,36
34740,14,0,48
36906,14,0,20
42955,14,0,11
42955,14,0,123
43321,14,0,110
43325,14,0,105
44513,14,0,178
68203,14,0,119
68203,15,0,7
68205,15,0,96
69157,15,0,217
70575,13,0,99
72963,13,0,131
71433,13,0,1
71433,13,0,3
72466,13,0,171
69496,13,0,119
63821,13,0,32
63623,13,0,155
64471,13,0,11
61865,13,0,62
59009,13,0,81
58614,13,0,184
53481,13,0,18
53243,13,0,105
53439,13,0,7
53442,13,0,5
50774,1,0,160
50718,1,0,117
50159,1,0,31
50159,1,0,104
46925,1,0,1
40876,1,0,12
40876,1,0,132
38425,1,0,90
38421,1,0,16
37233,1,0,100
14661,1,0,13
14673,0,0,28
14671,2,0,142
13719,2,0,158
11155,2,0,13
8768,3,0,98
14984,3,0,40
14984,3,0,43
13707,3,0,188
13472,3,0,194
13472,3,0,0
14168,3,0,106
22878,3,0,52
22878,3,0,28
22878,3,0,247
22555,3,0,128
22555,3,0,23
22555,3,0,142
21730,3,0,3
21727,3,0,23
21727,3,0,87
21904,3,0,193
22396,3,0,2
22396,3,0,44
23580,3,0,3
24010,3,0,58
27607,3,0,215
27615,5,0,239
29465,5,0,44
29465,5,0,99
28620,5,0,4
28608,5,0,35
28613,3,0,132
29493,3,0,179
29491,3,0,27
31432,2,0,143
26333,2,0,4
26624,2,0,15
26623,2,0,149
27188,2,0,240
27262,3,0,18
26553,3,0,122
16871,3,0,4
16871,3,0,0
16871,3,0,107
25265,3,0,106
25265,3,0,6
25265,4,0,126
26742,4,0,0
28411,4,0,15
28706,4,0,97
30175,9,0,135
32477,13,0,26
32477,13,0,143
30888,13,0,4
30458,13,0,9
27377,13,0,207
27915,11,0,146
26502,11,0,4
30049,11,0,152
29022,16,2,0
29022,16,2,18
29837,16,2,163
29560,16,2,203
29707,16,2,1
27793,19,2,62
26356,19,2,0
26486,19,2,2
26957,19,2,153
27961,19,2,93
31400,18,2,0
31400,18,2,220
30242,18,2,0
30434,18,2,0
31893,20,2,99
23499,20,2,152
25321,20,2,1
25665,19,2,187
23319,19,2,0
21650,19,2,4
21947,19,2,118
20301,14,2,355
22763,10,2,35
23547,11,2,133
23551,11,2,0
23551,11,2,2
23035,11,2,82
23665,11,2,166
23228,11,2,0
20583,11,2,253
20103,6,0,0
20103,6,0,1
20157,6,0,153
19554,6,0,285
19407,6,0,1
19379,3,0,146
19379,3,0,0
18958,3,0,5
18487,6,0,396
17156,6,0,191
14159,6,0,18
14159,6,0,135
15071,6,0,0
14879,6,0,35
14909,4,0,236
17879,5,0,103
16820,5,0,19
20244,5,0,164
20244,5,0,0
20244,5,0,17
20247,8,0,270
20247,8,0,136
15357,8,0,9
14923,7,0,182
14919,7,0,0
15303,7,0,35
18388,7,0,324
17212,7,0,97
17216,8,0,0
17050,9,0,181
17050,9,0,0
17050,9,0,14
16176,9,0,252
16188,9,0,2
17136,9,0,12
17145,9,0,0
17145,9,0,1
17155,9,0,1
17155,6,0,53
18119,6,0,30
17603,6,0,0
18481,6,0,18
17569,6,0,0
18405,6,0,17
16916,7,0,4
15190,6,0,31
14427,6,0,8
10659,7,0,105
10659,7,0,0
10659,7,0,2
10077,4,0,62
10077,4,0,52
11757,4,0,0
12004,4,0,29
12022,4,0,12
11638,4,0,1
8553,4,0,121
10244,4,0,124
10300,3,0,7
9861,5,0,46
9861,5,0,0
10157,5,0,3
11811,6,0,56
12047,9,0,112
12994,9,0,3
13148,9,0,34
13148,9,0,0
13138,9,0,5
17170,9,0,46
15969,9,0,13
15985,9,0,1
15904,9,0,67
15904,9,0,0
15068,9,0,9
15282,8,0,41
14046,8,0,52
14282,8,0,3
14580,7,0,44
15164,7,0,1
15167,7,0,3
15154,7,1,55
15998,7,1,129
13954,7,1,2
15100,7,1,55
17641,7,1,2
17641,7,1,0
19053,7,1,29
17644,7,1,59
17584,7,1,6
17287,4,1,116
19753,4,1,2
19457,4,1,7
17803,3,1,56
18952,0,1,51
17057,0,2,101
17598,0,2,94
19669,0,2,0
19716,0,2,9
15964,0,2,131
16415,0,2,52
16399,0,2,26
16050,0,2,93
20423,0,2,1
21893,0,2,4
22431,0,2,30
22958,0,2,68
23481,0,2,1
23183,0,2,42
23614,0,2,0
23611,0,2,0
23679,0,1,41
24171,0,1,82
24169,0,1,9
23183,0,1,31
24732,0,1,10
24732,0,1,23
24079,0,1,52
26783,0,1,85
26783,0,1,2
27004,0,1,8
25666,0,1,4
25666,0,1,17
34532,0,1,75
33432,0,1,37
33434,0,0,0
40114,0,0,24
40925,0,0,3
41118,0,0,1
43657,5,0,46
44416,5,0,61
44425,5,0,1
48765,5,0,66
48751,5,0,5
47281,5,0,8
48259,9,0,58
50380,9,0,108
49621,9,0,4
49621,9,0,122
50478,9,0,1
52246,9,0,1
52182,9,0,39
56220,9,0,62
57409,9,0,1
63096,9,0,49
60111,9,0,0
60111,9,0,6
60556,11,0,89
59112,11,0,50
60487,11,0,7
60819,11,0,37
61349,11,0,1
61349,11,0,20
52595,11,0,14
60812,11,0,41
60814,11,0,39
53430,12,0,38
51771,12,0,2
51531,12,0,0
55150,7,0,18
54348,7,0,64
54888,7,0,12
50707,13,0,27
47733,13,0,1
47733,13,0,27
46003,9,0,33
43347,18,0,27
43350,18,0,3
43350,19,0,39
42464,19,0,5
40696,19,0,0
48583,19,0,2
43915,19,0,38
43086,20,0,0
38944,20,0,33
40306,20,0,17
40316,20,0,3
40977,18,0,50
39529,18,0,31
38154,18,0,0
38914,18,0,75
40834,18,0,4
40834,18,0,19
40746,18,0,48
32232,18,0,64
37638,18,0,6
37647,17,0,66
38433,17,0,8
39592,19,0,7
33182,20,0,36
32781,20,0,43
32373,20,0,8
37680,14,0,74
37291,14,0,2
37291,14,0,17
37806,14,0,87
37806,5,0,133
37806,6,0,5
38452,5,0,72
37939,5,0,1
37939,5,0,6
35213,6,0,161
35677,8,0,123
35328,7,0,26
33138,7,0,50
34463,7,0,29
34844,7,0,4
33030,7,0,53
32945,7,0,75
32945,7,0,4
38640,9,0,100
37703,9,0,9
37703,9,0,28
41485,9,0,33
41727,11,0,128
36317,11,0,1
37488,11,0,89
38081,11,0,7
36922,9,0,0
37218,8,0,94
39511,8,0,176
39639,8,0,13
40955,9,0,68
43585,9,0,15
43585,9,0,1
43093,9,0,31
43515,9,0,160
46707,8,0,3
46061,8,0,50
45930,8,0,0
45930,8,0,4
41086,7,0,20
44667,5,0,116
44656,5,0,122
45885,7,0,41
43446,7,0,3
43055,7,0,0
44102,7,0,87
45243,7,0,130
45243,7,0,20
40033,5,0,67
38418,5,0,6
38418,5,0,5
34612,5,0,203
35054,3,0,75
35054,3,0,62
33875,3,0,70
37633,3,0,30
37636,3,0,12
37312,3,0,77
36778,3,0,97
39642,3,0,3
33339,7,1,111
31155,7,1,7
31162,7,1,1
31142,7,1,56
31190,7,1,81
29306,7,1,20
29931,7,1,131
31715,7,1,9
31715,7,1,0
31397,7,1,49
26646,7,1,89
26646,7,1,12
25305,5,1,59
29724,5,1,23
29724,11,1,0
28638,16,1,91
32183,16,1,66
36772,16,1,2
35413,16,1,38
37710,16,1,0
37714,16,1,1
39622,16,1,146
39050,17,1,66
39050,17,1,0
43713,17,1,89
40805,17,1,0
40802,17,1,73
40806,17,1,140
41884,17,1,66
38758,17,1,3
41440,12,0,70
46230,12,0,0
46223,12,0,0
46238,12,0,114
45782,14,0,117
44471,14,0,0
45564,14,0,75
45770,14,0,0
46059,14,0,0
47407,14,0,75
48643,16,0,172
48655,16,0,11
48655,16,0,65
47195,16,0,0
47201,10,0,4
47373,5,0,45
42678,5,0,124
38089,5,0,0
44353,5,0,88
43518,5,0,0
43715,5,0,3
41978,5,0,41
42855,4,0,53
43699,4,0,3
41347,4,0,123
40032,4,0,45
40033,4,0,0
40381,4,0,207
38089,4,0,142
38214,4,0,8
36705,4,0,139
35626,4,0,22
37024,4,0,4
42050,4,0,66
44802,2,0,77
45503,2,0,8
43834,2,0,181
44084,2,0,22
43795,4,0,3
42457,4,0,0
43599,2,0,63
44662,2,0,67
44729,2,0,248
46269,6,1,0
46979,6,1,11
49673,6,1,12
49673,11,1,0
49681,11,1,12
47104,11,1,218
44616,17,1,0
98989,17,1,35
98818,17,1,3
98054,21,1,0
97210,21,1,25
96278,21,1,44
94141,22,1,0
97357,22,1,101
99138,22,1,193
106703,26,3,0
108491,26,3,26
106414,26,3,27
101261,28,6,0
110154,28,6,75
109129,28,6,133
106363,30,6,0
130354,30,6,31
130314,30,6,0
127970,31,6,0
132650,30,6,66
132637,30,6,111
130259,33,6,0
144182,33,6,11
144690,33,6,135
143338,63,5,0
143991,67,6,59
141113,67,6,2
141113,76,6,0
141508,76,6,49
139095,76,6,72
139226,73,6,0
119426,73,6,81
119426,73,6,5
119385,69,6,0
119707,69,6,40
119428,70,6,104
119428,71,6,0
117064,71,6,35
117132,72,6,169
120344,103,4,0
122031,104,4,79
122564,104,4,0
122564,106,3,0
126304,106,3,47
122285,106,3,157
122416,111,3,0
172934,114,3,256
173526,114,3,0
173537,115,3,0
172545,114,3,55
174011,114,3,56
174011,118,5,0
159909,118,5,31
159684,118,5,155
162159,92,5,0
160892,88,4,35
160898,88,4,11
160898,77,4,0
172519,78,4,21
172043,78,4,65
172066,90,4,0
169737,90,4,78
169737,90,4,0
169772,101,4,0
183916,101,4,6
182817,100,4,82
182817,101,4,0
182247,101,4,146
184129,100,4,96
181192,83,4,0
178252,82,4,54
179250,82,4,1
179250,79,2,0
165261,79,2,258
169831,79,2,176
169849,92,2,0
124882,89,2,59
124281,89,2,0
124301,88,2,0
123661,88,5,163
122195,88,5,92
122195,87,3,0
121299,87,3,113
121869,87,3,184
123516,127,3,0
124390,127,3,57
128458,127,3,10
128458,127,3,0
116753,129,3,63
115536,129,3,117
115554,128,6,0
160397,128,6,83
160397,128,6,0
160386,119,6,0
146574,119,6,234
146679,119,6,101
146679,123,7,0
147196,123,7,138
143113,123,7,295
146368,121,7,0
145796,130,7,196
148996,130,7,1
148996,135,7,0
153703,135,7,140
153269,135,7,123
158417,118,7,0
209021,119,7,48
212179,119,7,0
212112,125,7,0
214907,126,4,183
214907,126,4,40
214968,122,4,0
219676,124,4,169
231394,124,4,183
233866,88,4,0
232890,88,4,102
229025,88,4,1
229025,95,4,0
230862,92,4,337
230842,93,4,86
236783,84,1,2
264176,85,1,64
264176,85,1,3
264569,85,1,0
265832,85,1,236
265725,85,1,136
265767,81,0,0
265689,81,0,173
266689,81,0,103
269234,83,0,0
273774,75,0,79
270560,75,0,9
270560,77,0,0
268919,78,0,84
274869,80,0,111
282570,78,0,0
319593,79,0,152
317235,79,0,15
317201,72,0,0
311446,72,0,265
312397,74,0,36
313824,79,7,0
313301,78,7,72
300772,78,7,120
302828,79,7,0
306860,80,7,65
306651,80,7,3
307494,87,7,0
325828,90,7,153
326835,89,7,115
330847,85,7,0
364341,85,7,40
364341,85,7,0
364480,98,7,0
366173,100,7,132
366173,100,7,43
370673,101,7,0
371847,101,7,101
372281,101,7,113
377773,99,7,0
373545,98,7,167
374008,98,7,29
374008,99,7,0
372869,99,7,118
363654,98,7,135
369051,108,7,2
341203,106,7,41
340407,106,7,0
345369,106,7,0
347673,107,7,211
351786,105,7,92
351917,99,0,0
349427,98,0,211
349318,98,0,70
345614,96,0,10
342552,95,0,178
343917,95,0,34
343074,82,0,2
323223,79,0,238
324929,79,0,26
317911,88,0,0
261972,87,0,61
261993,87,0,10
263122,78,0,0
267909,76,0,360
270086,76,0,156
266302,79,0,0
264724,79,0,113
263972,79,0,107
255949,68,0,0
257968,73,0,200
257004,75,0,5
257004,73,0,0
262754,77,1,321
261883,76,1,117
247354,82,4,0
273805,82,4,212
273801,82,4,4
271346,87,4,0
273720,86,4,211
268733,86,4,43
268034,89,4,0
275100,89,4,166
275485,89,4,93
282396,92,10,0
284537,92,10,300
283257,92,10,2
283257,89,11,0
284164,92,11,240
282864,92,11,126
287620,106,11,0
302896,106,11,102
302875,106,11,24
304787,101,11,0
298545,101,11,188
297367,101,11,81
298035,98,12,0
297717,98,12,229
297092,98,12,70
300308,116,14,2
297885,111,14,121
296846,111,14,4
296846,106,14,0
291167,101,13,242
292331,101,13,47
290635,97,10,4
265263,97,10,131
265348,97,10,0
265599,94,10,0
262532,93,10,219
262705,93,10,61
262727,94,10,0
256391,94,10,88
257437,94,10,200
260074,115,6,0
258840,115,6,63
261511,115,6,7
261511,118,8,0
259965,115,8,225
258552,115,8,45
253725,99,8,4
302186,99,8,120
302186,99,8,1
300584,99,8,0
300055,99,8,209
300077,99,8,46
301941,113,7,0
301948,113,7,258
307037,113,7,150
304655,96,5,0
313347,97,5,120
314259,95,5,2
314548,107,5,0
312783,108,5,236
311797,108,5,71
312873,117,5,0
417736,117,5,93
417663,117,5,7
418943,115,5,0
419011,116,5,196
418885,121,5,17
420432,120,5,0
418007,120,5,171
416866,120,5,99
411010,101,7,0
409133,101,7,260
408106,101,7,3
408106,109,6,1
408109,109,6,335
408849,109,6,162
412580,118,6,0
361720,118,6,47
361720,118,6,6
361868,119,6,0
360600,119,6,232
360093,119,6,30
358934,113,7,0
358930,113,7,278
358558,113,7,84
355010,109,7,0
346321,108,7,357
345410,108,7,5
345121,97,7,0
344846,97,7,230
345411,100,7,83
349295,84,10,0
252067,84,10,67
255320,84,10,7
254188,87,10,12
254816,87,10,339
256145,83,10,48
254642,87,10,0
254642,87,10,312
261796,88,10,213
263879,80,6,0
270599,80,6,236
269402,81,6,9
269402,72,5,0
269401,72,5,449
269289,74,5,45
265126,60,5,0
264727,60,5,92
264727,60,5,38
265845,64,5,2
265950,64,5,438
265440,64,5,23
264886,60,4,0
267039,60,4,301
262273,60,4,54
269437,68,4,0
269431,68,4,507
274693,68,4,1
274693,69,4,0
274693,68,4,348
274867,65,4,111
273263,64,1,0
261202,64,1,99
257937,64,1,2
259326,64,1,0
256931,63,1,375
255482,62,1,85
255744,61,1,0
255899,61,1,437
248455,60,1,52
244330,55,1,0
237747,55,1,320
240456,54,1,9
240493,55,0,0
241266,55,0,214
242025,53,0,88
245355,53,0,0
253694,53,0,156
253694,53,0,1
253069,49,0,0
252810,49,0,210
258478,49,0,114
258634,66,0,0
264348,69,0,250
264350,69,0,49
262470,74,1,0
262470,74,1,277
258617,76,2,7
258617,81,7,0
266728,81,7,299
273938,81,7,64
272855,84,7,0
295358,86,7,147
295358,86,7,0
296105,89,7,0
296560,89,7,158
299246,89,7,82
298756,92,7,0
299133,92,7,334
299133,92,7,57
303112,94,7,0
304467,95,7,332
301229,95,7,4
301192,98,7,0
302827,98,7,398
308476,98,7,68
310333,102,7,1
390865,103,7,127
390865,103,7,58
389290,105,7,0
389089,105,7,169
383539,105,7,62
383757,90,8,0
375887,87,8,160
378226,87,8,226
380413,83,7,0
380413,84,7,243
380849,82,6,75
380849,76,1,0
372738,76,1,267
364614,76,1,61
367908,75,1,8
324728,73,1,34
324728,73,1,5
322891,69,1,0
322436,69,1,344
324218,69,1,111
324694,67,2,0
324162,67,2,302
325030,67,2,71
327629,71,4,0
326137,70,4,246
326134,70,4,5
326134,83,4,0
323729,83,4,309
316797,83,4,60
314842,82,4,0
215979,81,4,46
215979,81,4,1
222831,79,4,0
222828,80,4,323
222713,80,4,88
222844,81,3,0
222993,81,3,244
221895,81,3,45
218981,74,3,0
218992,73,3,166
217146,73,3,0
217146,73,3,0
217146,73,3,435
220155,73,3,88
216809,82,3,0
228182,82,3,65
228182,82,3,19
237064,80,3,0
237126,80,3,416
233876,80,3,42
234284,77,2,0
234420,77,2,190
234446,77,2,94
230311,73,0,0
230311,73,0,264
230311,73,0,0
230313,78,0,0
231042,80,0,349
230938,80,0,77
232368,77,0,0
217343,77,0,102
222180,77,0,16
227104,75,0,0
227295,74,0,383
229992,74,0,59
229434,65,0,0
229286,65,0,389
229335,65,0,156
232753,75,0,0
232742,75,0,321
233941,75,0,9
233941,84,0,0
234710,85,0,185
235696,86,0,55
239266,72,0,1
229440,72,0,30
229440,72,0,2
231489,77,0,1
231429,77,0,413
230330,77,0,112
229732,75,0,0
234901,75,0,139
243452,76,0,209
240168,73,0,0
240192,73,0,248
241228,75,0,16
241639,57,0,0
240905,55,0,111
243775,55,0,79
241813,56,0,0
241533,56,0,41
236800,56,0,3
235427,56,0,0
242984,60,0,327
243434,60,0,55
243268,72,0,0
244482,72,0,171
248714,73,0,74
247780,72,1,0
249808,72,1,114
249343,72,1,0
249343,69,1,0
252774,68,1,488
249918,67,1,92
245478,65,1,0
204496,65,1,149
204496,65,1,0
204886,60,1,0
211105,60,1,250
218699,60,1,96
217719,60,2,0
213705,60,2,244
204261,59,2,194
202776,58,2,7
207261,58,2,205
206362,56,2,89
205949,50,2,0
205953,50,2,233
203121,50,2,94
205493,46,2,0
139537,46,2,39
141198,46,2,0
148857,46,2,0
141436,42,2,262
138637,44,2,160
137296,31,2,0
141300,31,2,28
145056,30,2,69
149156,32,1,0
151325,32,1,13
150591,32,1,14
150591,23,1,8
147315,23,1,15
152783,23,1,8
162787,29,1,0
214140,29,1,45
219707,31,1,0
213676,34,3,65
207455,34,3,19
203787,39,3,6
205557,36,2,18
207344,37,2,206
229227,106,17,22
220639,105,17,30
216142,105,17,37
216902,105,17,0
216985,104,17,3
216981,104,17,236
224270,112,17,1
270702,112,17,110
275248,121,17,0
277858,121,17,13
258551,121,17,97
260411,130,17,3
263196,129,17,16
269031,128,17,191
281669,142,22,0
289172,148,22,32
269084,133,22,40
266594,135,22,0
269587,138,22,18
274830,138,22,130
280876,145,23,0
336626,146,23,28
328399,144,23,4
251766,144,23,20
247006,143,23,79
240462,146,22,8
241938,146,22,29
244744,141,22,354
260121,158,23,2
257467,159,23,73
239826,92,8,9
239626,98,9,0
239627,99,9,31
241590,99,9,132
246881,103,9,1
303302,107,9,13
300302,107,9,0
247495,110,9,13
239577,101,9,107
235940,115,13,0
236657,115,13,14
234624,107,13,274
248874,131,13,3
256318,134,13,21
240616,120,8,4
223825,116,8,0
223843,116,8,12
222615,114,8,162
223107,117,8,1
367624,117,8,11
366158,117,7,0
306968,117,7,22
301670,113,7,375
300498,119,7,0
306533,118,7,8
315779,112,6,256
328838,132,9,4
325631,133,9,107
308540,116,8,17
308286,136,8,0
310680,134,8,8
311796,128,7,50
316876,131,11,0
470164,131,11,23
468641,127,11,7
412871,127,11,26
408547,119,11,60
407246,117,11,0
407403,117,11,50
411036,104,7,280
426017,157,7,10
426879,156,7,1
414549,133,9,3
401253,161,9,1
401964,161,9,8
401964,159,9,127
403475,164,9,3
518286,164,9,16
518353,160,9,1
380123,165,9,19
374898,158,9,159
371728,161,9,3
372542,161,9,72
373777,157,9,290
368390,157,9,4
363748,160,9,2
349213,140,6,88
345565,139,6,0
348193,139,6,13
349044,117,6,137
343338,117,6,11
458297,117,6,4
455102,113,2,13
300484,114,2,28
298072,114,2,82
297421,110,2,1
297988,110,2,66
310128,109,2,262
321588,133,2,0
321225,133,2,21
305527,80,2,76
305153,81,2,2
300101,79,0,14
301986,48,0,172
299120,51,0,15
449208,51,0,25
452333,47,0,1
337571,47,0,9
339487,46,1,104
327957,44,1,0
328158,46,1,24
332826,42,1,294
343155,65,1,3
345545,65,1,10
349535,65,1,5
342812,64,1,0
346785,64,1,49
351565,64,1,87
348817,64,1,0
452609,64,1,22
456626,66,1,8
349068,66,1,22
347172,66,1,58
345642,70,1,0
345311,77,1,4
348471,77,1,196
364692,115,3,2
355945,117,3,22
345657,96,3,25
341649,98,3,1
342585,99,3,22
346006,98,3,128
346119,100,3,1
463939,101,3,8
469968,99,3,0
321251,99,3,16
317438,98,3,141
316910,107,3,0
314830,107,2,9
316583,104,2,228
330997,113,2,0
328329,113,2,35
317186,90,2,1
313450,90,2,0
312905,91,2,30
313322,89,2,128
309349,91,2,0
421726,92,2,25
440541,93,2,0
343696,97,2,44
338748,95,2,83
330231,97,2,4
340317,97,2,3
342864,92,2,104
351297,115,2,0
351498,116,2,20
334707,78,0,18
331314,81,0,0
331156,78,0,22
331416,75,0,131
330480,79,0,0
443045,79,0,5
462906,85,0,0
358533,84,0,6
352504,83,0,40
351220,94,0,0
350470,94,0,12
350474,85,0,87
361624,139,0,17
362241,139,0,11
348921,128,0,12
346921,140,3,0
354715,142,3,13
354715,140,3,68
350414,140,3,2
455638,140,3,11
475705,139,3,10
360121,138,3,43
348584,137,3,68
341016,147,3,0
342029,147,3,26
358205,145,3,141
363944,207,3,15
363150,213,3,10
354723,184,3,75
351588,190,3,0
351952,190,3,9
358151,186,3,61
357116,190,3,0
490419,190,3,61
510682,191,3,0
400356,191,3,77
380381,183,3,64
365049,187,3,5
366489,187,3,5
369618,178,3,86
382077,225,3,0
385745,225,3,14
372018,170,3,23
370314,170,3,30
372913,170,3,38
374266,159,0,179
375164,159,0,0
557873,161,0,62
571158,165,0,4
469708,165,0,16
450257,164,0,160
449292,175,3,8
444411,175,3,13
444014,161,3,90
453712,205,4,0
440783,205,4,23
426333,143,4,63
424580,149,11,0
427413,149,11,16
427690,142,11,102
427733,158,11,0
605379,157,11,40
619571,154,11,17
486437,158,11,7
468757,152,11,117
462455,161,11,0
465093,162,11,22
465107,158,11,159
472666,189,11,0
471729,187,11,40
459299,140,11,38
455627,149,11,1
456359,149,11,9
456746,149,11,64
452573,160,11,0
605444,159,11,25
616331,167,11,0
434262,165,11,17
420387,160,11,59
417138,162,11,0
421274,162,11,3
420757,151,8,74
430254,215,8,3
432872,217,8,37
423271,173,7,7
420024,181,11,0
420650,181,11,47
420889,172,4,81
416942,181,4,0
597582,181,4,24
623986,173,9,13
442851,177,9,25
428525,176,9,43
430400,182,9,3
430164,188,9,8
430285,181,9,79
440073,216,10,0
443816,218,10,39
434863,187,10,83
432584,219,10,0
434335,219,10,47
441824,210,10,17
440281,216,10,0
601371,216,10,16
625192,219,10,0
476248,219,10,20
458739,215,10,33
458099,221,10,0
458817,222,10,13
457918,221,10,156
464642,259,12,0
469026,260,12,7
457132,196,12,12
456221,203,13,4
467624,203,13,33
468591,196,9,71
466588,203,9,1
710535,200,9,69
737093,211,9,1
556032,212,9,22
529227,204,4,69
528542,202,4,2
528451,204,4,9
526147,194,4,92
533955,223,5,20
534773,221,5,26
523046,185,4,53
519291,193,4,0
520010,195,4,22
520680,163,4,179
518808,168,4,5
752414,170,4,69
770608,175,7,0
611927,175,7,11
588107,161,7,138
583554,168,7,0
582719,163,7,3
589652,157,7,66
600985,186,7,0
601340,186,7,38
589864,148,5,95
585389,151,6,0
586857,151,6,7
585147,142,5,111
572894,145,5,3
745811,144,5,32
763547,139,5,0
522121,146,5,29
495575,125,6,107
495493,130,6,0
500447,130,6,0
498822,128,6,88
508589,167,6,0
509591,167,6,0
499937,132,5,46
498998,143,5,0
498922,143,5,5
501242,133,5,73
500867,154,5,1
500535,154,5,1
517552,152,5,0
278413,150,5,17
262085,139,2,99
258623,147,2,3
258622,147,2,48
257895,140,2,51
267169,154,2,3
261844,154,2,0
249787,124,2,12
249389,130,2,0
249389,130,2,0
249830,130,1,52
248362,133,2,0
248362,133,2,6
268475,132,3,4
94591,132,3,0
77226,132,3,105
75547,128,3,0
76610,128,2,0
93359,122,2,141
94023,141,2,3
93623,142,2,0
84318,101,2,16
83316,115,2,0
83470,115,2,0
90701,104,2,75
91950,111,2,2
89628,111,2,11
107817,89,2,0
107479,89,2,0
91713,87,2,100
89757,92,2,2
88354,92,2,0
89472,85,2,31
100733,109,2,0
100829,109,2,0
91099,94,2,28
89491,101,2,31
89977,101,2,0
89983,94,2,146
89983,113,47,0
89957,111,47,10
114368,111,46,2
116411,111,46,14
103702,113,45,84
103729,118,45,0
104006,116,45,2
106942,113,45,45
116058,135,46,7
103434,135,46,8
99137,116,46,20
99137,119,46,0
105920,119,46,12
108328,105,46,67
107683,115,47,0
115233,115,47,2
123474,117,47,0
129956,119,47,11
111906,118,47,128
111909,120,51,0
114777,119,51,20
116571,114,51,24
129580,179,53,22
129779,178,53,1
118791,154,53,30
121612,170,56,0
123434,171,56,22
123449,164,56,141
122960,168,57,1
196864,169,57,5
206880,158,12,1
211256,156,12,0
186953,153,12,76
184910,173,13,2
182362,169,13,11
183504,164,13,143
202425,229,15,4
200774,230,15,8
193063,208,14,151
189623,229,14,0
188297,230,14,1
189427,226,14,91
182182,228,14,3
247634,229,14,29
275613,221,13,0
262594,221,13,10
253246,212,13,65
246764,215,13,2
246596,215,13,10
247873,213,9,96
259422,261,11,10
262068,261,11,0
251832,196,9,78
251929,206,10,0
257706,206,10,25
255286,192,7,96
252685,198,7,0
342513,198,7,59
365581,199,6,5
296817,198,6,54
290086,190,6,42
285295,191,6,2
285447,194,6,22
286690,176,5,145
301575,230,15,0
302638,230,15,8
283907,165,13,142
282678,191,13,0
283939,191,13,5
283856,171,13,93
284120,185,13,0
360678,185,13,23
383660,186,13,2
316056,185,13,15
289295,183,13,91
287533,195,18,14
288372,195,18,12
292367,190,18,23
302572,225,20,0
302289,225,20,15
294010,178,18,140
289570,191,18,0
286378,191,18,6
284964,181,17,38
279617,184,17,1
335260,182,17,4
338411,180,18,0
255448,180,18,3
232889,175,18,64
227743,181,18,4
224588,181,18,6
226278,180,18,49
245621,221,18,0
245176,219,18,0
227779,166,8,26
225547,209,8,0
226259,209,8,0
225579,183,8,186
221838,187,8,0
314349,186,8,28
325051,188,8,0
248120,188,8,6
225337,185,8,159
227566,196,8,0
228438,196,8,15
237392,184,3,3
247747,216,5,0
244441,216,5,12
243125,187,3,64
244440,201,3,0
246085,200,3,11
246897,189,3,62
248308,202,3,0
322709,202,3,15
324414,217,3,8
268274,218,3,5
265123,214,2,42
258316,233,4,0
257810,233,4,3
257810,227,4,108
270257,257,4,4
270592,257,4,23
251985,213,4,189
253845,219,4,0
251774,219,4,10
258319,176,4,207
258753,188,4,4
327204,187,4,3
337270,186,4,0
245439,186,4,34
234472,169,4,89
234183,178,4,0
241244,178,4,12
239160,167,4,34
249577,198,14,5
241877,200,14,14
232086,168,12,233
231673,174,13,0
225484,168,13,0
230380,155,13,396
221346,159,13,0
295714,157,13,21
296134,157,13,6
229818,157,13,2
227410,139,13,115
231693,145,13,0
236372,144,13,7
238288,125,11,14
247750,154,15,14
249208,154,15,7
237632,124,15,172
235608,127,15,0
234782,127,15,5
239599,123,17,605
242142,128,17,4
313112,128,17,4
312742,124,17,4
250920,124,17,2
240861,121,17,72
239654,123,17,0
242833,123,17,6
246537,114,17,24
251125,147,17,13
254404,147,17,60
241887,116,7,136
240948,120,7,0
243462,122,7,4
253629,116,6,526
250568,148,6,4
308996,147,6,63
315308,155,12,0
249955,155,12,4
248147,144,12,70
240062,146,12,0
245498,146,12,13
241540,139,12,1
255217,164,12,1
253438,164,12,18
244034,137,8,127
242576,141,8,0
241575,141,8,10
244272,138,8,269
244102,143,15,0
433757,141,13,13
431716,142,13,2
354623,143,13,2
353431,135,13,40
346345,142,13,0
346665,144,13,8
347798,142,13,26
364067,169,13,0
363413,169,13,4
354076,139,16,105
350396,154,16,0
350857,156,16,0
356128,150,16,369
351439,157,16,2
545834,158,16,64
546575,126,16,2
480939,126,16,13
475794,114,10,67
465979,126,10,4
481539,124,10,12
484936,125,10,129
489919,153,10,0
490608,153,10,24
483957,128,10,51
483751,134,10,4
483899,134,10,6
486005,130,10,418
486005,137,10,10
684474,137,10,35
687028,139,3,0
491859,141,3,4
493707,134,3,75
493463,140,3,0
493041,141,3,7
496012,134,3,159
512018,157,3,0
513156,157,3,15
494273,130,3,209
490755,147,3,0
492955,146,0,28
494566,132,0,730
494105,131,0,4
755316,133,0,25
755734,129,0,0
555646,128,0,19
554908,128,0,102
554908,135,0,0
556824,136,0,11
557529,124,0,116
553684,148,2,0
552252,145,2,13
542382,117,2,69
541368,137,2,0
531256,137,2,4
537068,131,2,656
537309,135,2,0
800670,135,2,30
803445,142,2,0
614089,142,2,27
611821,136,2,69
613486,141,6,2
610604,141,6,0
612321,134,6,78
621810,137,6,20
618916,137,6,24
604006,113,6,146
601662,123,7,10
603565,123,7,1
611921,106,7,731
607210,112,7,3
606828,117,7,2
611031,140,7,8
344234,139,7,0
344425,134,7,192
341555,135,7,1
341629,135,7,6
347961,128,7,52
356205,163,7,6
359621,163,7,2
347839,139,5,202
345874,147,5,0
345325,147,5,11
347073,129,5,521
345743,132,6,0
343295,132,6,3
344321,130,6,0
78854,130,6,2
76381,116,6,171
66127,118,6,4
69062,117,6,1
65437,111,2,34
72859,124,2,1
72077,124,2,1
62799,120,2,122
62725,130,22,0
61305,129,22,4
62750,119,21,448
62064,140,21,1
53708,140,21,0
54802,134,21,8
54679,128,21,1
54371,104,21,158
56203,106,21,2
55594,106,21,0
56202,106,21,105
65857,125,21,0
59525,125,21,0
49527,89,21,59
45394,128,21,0
45401,128,21,4
63030,120,21,430
63320,122,21,0
61572,120,21,0
62047,121,20,0
61828,121,20,25
60488,119,20,72
60488,126,20,3
60186,126,20,0
59695,124,20,143
64437,161,22,0
64485,160,22,0
57451,153,22,176
56343,170,23,0
56132,170,23,1
62464,160,3,957
62537,160,3,2
67864,160,3,0
68203,140,3,1
68220,147,3,0
67131,145,3,45
67595,158,4,0
66005,158,4,7
65617,155,4,180
73240,170,4,0
76870,169,4,0
67139,150,4,116
67139,155,4,0
65810,155,4,13
79287,119,4,571
80779,124,4,0
63150,124,4,2
69794,137,4,0
70067,137,4,0
70228,133,4,55
67661,152,4,0
68790,150,4,2
72660,143,4,26
79934,176,7,1
79187,176,7,0
73646,140,5,45
73597,147,5,0
73420,141,5,4
78080,126,5,588
78089,135,5,0
71754,144,5,4
73651,153,5,1
71614,153,5,0
69609,152,5,56
69592,165,5,3
69846,167,5,39
69153,154,4,68
88486,169,4,4
87042,169,4,0
79509,155,4,77
74597,162,4,0
74725,162,4,0
80377,158,4,348
83943,162,4,1
70466,159,4,2
71124,163,4,4
73659,163,4,0
66739,148,4,86
66473,156,4,0
65574,156,4,4
65645,137,4,60
73047,154,4,0
69177,154,4,3
61903,121,1,90
62148,123,1,0
59726,122,1,0
70964,115,1,265
70752,122,1,0
66087,120,0,0
67030,122,0,19
67030,113,0,12
65057,104,0,40
60320,104,0,35
60204,104,0,0
62148,86,0,140
68786,127,0,0
67909,127,0,0
46272,112,0,22
46272,123,0,4
46188,124,0,0
52532,118,0,301
52403,124,0,0
46751,123,0,4
43866,124,0,14
43871,124,0,14
42204,115,0,137
39675,139,0,0
39661,139,0,0
39657,131,0,88
46648,165,0,0
45995,165,0,0
44338,148,0,58
47851,174,0,0
47851,174,0,0
51824,174,0,358
52518,178,0,0
41280,178,0,0
42336,195,0,0
45849,195,0,0
45452,184,0,154
45452,187,0,0
45461,187,0,0
45467,187,0,174
56633,234,3,0
54692,232,3,0
53800,189,3,80
53800,197,3,0
53799,197,3,5
61391,186,3,275
61385,190,3,0
54032,189,3,10
56793,212,3,3
56793,212,3,0
56112,207,3,78
56107,212,3,0
57108,213,3,0
57483,189,3,163
73926,208,4,1
75529,208,4,10
70844,174,4,183
70854,183,4,0
63874,183,4,17
63219,158,4,449
63219,162,4,0
68053,160,4,1
68774,163,4,0
72567,163,4,0
73087,139,4,87
69574,157,4,4
69019,157,4,12
71378,154,4,117
77141,163,5,0
77323,164,5,0
66840,121,2,73
66837,133,2,7
60832,133,2,0
67339,128,2,430
67339,131,2,13
59823,131,2,0
61163,141,2,0
68918,141,2,19
66178,112,2,131
66201,116,2,3
66201,116,2,6
66810,111,2,101
72238,120,2,1
71858,120,2,0
55878,101,1,212
54272,106,1,0
52357,107,1,0
59137,100,1,268
62831,106,1,1
59973,105,1,0
61990,104,1,0
55226,104,1,1
54177,97,1,82
50384,98,1,6
48808,98,1,0
52247,80,1,147
73340,130,1,2
70981,130,1,30
74229,121,0,207
74041,123,0,0
73370,119,0,5
76019,107,0,440
82445,127,0,0
75938,124,0,0
76152,133,0,0
76076,133,0,0
76422,117,0,52
68470,118,0,0
68449,118,0,0
69082,114,0,150
86482,204,6,0
85873,204,6,0
78958,194,6,98
78957,209,6,2
78834,209,6,0
84224,205,6,210
83833,211,7,4
77043,209,7,0
73577,217,7,0
73577,217,7,0
71560,214,7,208
68953,225,7,0
68587,225,7,0
72319,226,7,62
89142,303,8,3
85703,303,8,0
67873,253,8,90
67880,272,8,0
58860,272,8,0
64733,270,8,384
64721,290,8,1
62314,290,8,0
57790,282,8,1
57790,282,8,0
58438,270,8,257
62350,285,9,4
60664,285,9,0
61389,284,9,131
79653,338,9,0
78997,340,9,1
67052,250,3,115
67059,254,3,0
67055,254,3,0
72359,241,3,417
72023,255,3,2
66637,254,3,0
66934,251,2,0
66934,251,2,0
66988,238,2,116
66988,256,2,6
69485,256,2,1
73331,245,2,122
97150,324,3,0
93418,322,3,4
76595,245,2,81
76857,250,2,0
73594,250,2,5
75103,231,2,805
75103,261,2,0
73246,260,2,15
73603,257,2,2
73668,257,2,1
74229,245,2,85
74229,256,2,40
73367,256,2,16
69455,241,1,98
90095,286,2,0
92159,288,2,0
76643,234,2,277
76731,244,2,7
71397,244,2,5
82887,242,2,929
82887,249,2,2
77590,247,2,31
79070,246,2,1
80106,246,2,0
81053,242,2,89
83268,253,2,0
83259,254,2,0
86024,236,2,153
103203,263,2,0
101561,263,2,0
78093,194,1,101
78093,200,1,0
78096,200,1,16
79550,195,1,797
79550,204,1,6
297447,204,1,17
300175,182,1,6
297392,182,1,0
297709,165,1,27
297598,183,1,0
299302,183,1,12
300991,174,1,100
313500,191,2,9
313510,191,2,0
292870,146,1,144
290082,161,1,0
287768,161,1,1
290886,152,1,541
291274,161,1,0
544607,159,1,23
545039,175,3,5
546407,175,3,8
547171,162,3,113
546137,171,3,8
544893,171,3,5
543208,160,3,46
558373,183,3,1
555615,183,3,9
536267,156,3,70
534063,176,3,1
540222,166,3,17
545583,160,3,289
545580,168,5,0
811538,168,5,30
812000,172,5,0
592630,172,5,5
589919,164,5,78
588686,170,5,2
588825,170,5,6
589183,153,5,80
598538,170,5,4
596855,168,5,11
593328,151,4,78
593318,155,4,0
596048,155,4,12
601704,140,4,268
601270,153,4,5
834833,150,4,28
834858,155,4,1
573523,155,4,20
573237,133,2,227
581768,156,2,2
580407,156,2,2
580890,147,2,213
595478,171,2,0
594964,171,2,13
579791,146,2,88
579784,149,2,8
583670,150,2,17
589518,131,2,858
583099,136,2,1
869743,136,2,26
870030,140,0,0
602358,140,0,2
609888,127,0,60
609845,133,1,1
618060,133,1,12
618063,127,1,80
629985,143,1,21
632330,142,1,6
619012,125,1,101
619078,130,1,0
612225,132,1,13
617648,128,1,612
614918,129,1,0
903850,128,1,31
905896,121,1,0
669443,122,1,8
669444,108,1,215
665949,110,1,4
673911,109,1,10
666385,86,1,155
686609,138,1,0
686703,138,1,0
672119,114,1,171
672860,116,1,0
673652,117,1,10
681504,116,1,724
677296,127,1,0
902695,126,1,23
903044,136,1,6
611258,136,1,0
611077,124,1,123
612086,127,1,1
604242,127,1,23
605661,121,0,310
617126,162,1,4
617951,162,1,10
605597,149,1,214
602698,158,1,0
603047,158,1,10
610654,155,1,660
609401,162,2,14
876856,162,2,32
877662,177,2,0
583399,176,2,3
581353,170,2,134
581037,182,3,0
581533,182,3,5
581654,180,3,206
584107,202,3,3
581734,203,3,24
560648,151,3,71
560065,156,3,3
563769,156,3,15
566307,154,3,719
565220,158,3,0
840924,156,3,29
841316,148,3,0
610425,148,3,6
609989,133,3,148
609770,147,3,0
609674,148,3,12
609181,145,3,131
627159,179,5,0
630876,179,5,9
612952,138,4,48
612124,158,4,0
613064,155,4,4
617629,146,4,252
617076,151,4,9
866375,150,4,32
868631,155,3,0
595881,156,3,5
596093,140,3,51
595767,153,5,0
596583,153,5,5
596587,141,4,248
609377,156,4,3
617227,156,4,4
610805,136,4,44
610798,152,7,1
615705,152,7,19
617221,147,7,401
613513,151,7,0
862296,151,7,33
863066,159,7,2
582215,159,7,9
593188,155,7,164
592832,167,7,0
604027,170,7,11
604139,156,7,167
625510,182,7,1
630658,182,7,12
617001,148,5,42
611865,153,5,0
610092,153,5,75
616045,134,5,446
614724,142,6,4
860926,142,6,36
860926,137,6,2
604275,145,6,3
602891,131,6,32
603762,130,6,145
602744,151,6,4
605707,141,4,10
610898,141,4,159
624424,162,5,28
613445,147,5,34
605474,147,5,33
601340,167,5,2
602941,150,2,21
598201,150,2,658
596790,161,3,0
867084,157,3,25
615006,157,3,10
619806,150,3,0
618857,150,3,3
607501,150,3,208
607532,149,3,0
596340,149,3,4
599824,149,3,167
601890,165,6,0
596224,165,6,4
593067,165,6,105
593067,166,6,0
595625,166,6,1
596168,165,6,563
597265,177,5,0
593642,179,5,68
593642,179,5,5
593888,186,5,1
595516,186,5,25
594517,188,5,121
594517,181,5,0
591920,178,5,20
588734,178,5,150
590999,182,4,3
588164,182,4,0
588293,182,4,116
588288,176,6,0
596573,177,6,19
613462,179,6,1049
613357,173,5,12
624222,173,5,35
624223,173,5,82
619288,189,5,3
617771,190,5,67
619773,190,5,107
619742,190,5,8
630508,187,5,48
631395,187,5,266
625075,160,2,3
625957,160,2,24
629714,160,2,68
629714,156,2,4
627760,157,2,4
641120,167,2,757
640923,162,4,0
630921,160,4,66
633349,160,4,45
636637,155,4,5
638021,155,4,4
641426,153,4,105
641426,150,4,0
641060,151,4,2
639337,151,4,346
638080,158,4,0
646241,159,4,3
646112,159,4,91
646542,158,2,1
636656,157,2,14
631518,155,2,399
631518,157,2,0
613651,157,2,35
613650,157,2,40
613665,169,2,0
615142,168,2,73
613967,168,2,123
614418,164,2,0
610112,164,2,17
609941,165,2,239
606668,177,3,1
607674,177,3,27
602911,178,3,53
602911,185,3,0
602307,184,3,9
590808,174,3,311
589908,164,1,0
637512,165,1,33
635084,165,1,22
631869,172,1,0
638971,172,1,2
648173,172,1,290
653732,162,1,7
654002,161,1,16
654157,163,1,147
655411,146,1,1
649199,145,1,8
650504,145,1,90
650074,131,1,0
650074,131,1,26
638837,132,1,676
646383,152,2,5
680785,152,2,45
680785,152,2,15
680634,147,2,0
678973,148,2,6
679185,149,2,135
679507,148,2,0
674586,148,2,13
670863,147,2,286
671504,138,2,14
671606,138,2,58
671322,137,2,166
671322,131,2,0
678962,131,2,11
681978,133,2,993
684356,129,2,1
643341,128,2,30
643341,128,2,14
644176,127,2,0
632698,127,2,5
620092,127,2,164
614533,129,2,0
616517,129,2,0
615416,127,2,166
604725,125,2,0
605390,128,2,1
604085,128,2,91
604085,142,2,0
607165,144,2,10
617458,145,2,965
609942,126,1,0
564941,129,1,36
564941,129,1,13
565106,115,1,0
569109,115,1,3
570661,114,1,113
570033,111,1,0
571444,112,1,13
572367,112,1,246
567766,109,0,24
578545,113,0,16
578784,113,0,96
578784,122,1,0
571144,122,1,4
563995,124,1,1077
563141,126,1,0
599361,126,1,57
599720,127,1,9
598646,114,1,0
602100,116,1,5
602099,116,1,99
602099,120,1,1
603446,120,1,15
608051,120,1,320
619216,116,1,0
616938,113,1,15
616938,114,1,38
616938,107,1,0
614149,105,1,9
619345,103,1,808
619318,97,1,0
621575,95,2,21
621575,95,2,20
621551,93,2,0
620782,92,2,18
618524,92,2,157
622632,92,2,0
620441,92,3,0
620174,92,3,332
615368,100,3,10
603068,96,3,11
603390,97,3,59
603390,91,2,0
604026,91,2,5
619551,88,2,473
620298,98,2,7
590475,98,2,37
590116,101,2,34
593329,119,3,0
592627,121,3,4
592987,122,3,53
592987,129,3,3
590434,129,3,1
589098,129,3,304
578263,133,3,0
577920,133,3,10
579061,132,3,50
579061,131,3,0
578866,131,3,8
572669,132,3,536
572666,140,3,0
604684,144,2,54
604684,144,2,24
604516,152,2,6
604946,154,2,14
605129,154,2,81
600876,162,3,11
600111,161,2,19
599937,161,2,400
601117,156,2,0
600876,157,2,10
601571,159,2,96
601571,162,3,1
605061,162,3,17
596271,162,3,693
594000,152,3,0
624356,152,3,62
624356,148,3,7
621211,136,2,0
618075,132,2,8
619641,131,2,97
619905,119,2,0
619884,119,2,2
621944,119,2,351
616723,105,2,1
618744,105,2,47
618591,105,2,21
618591,105,2,0
620124,105,2,10
615397,107,2,517
615397,101,2,1
588925,98,2,57
588925,98,2,176
588977,88,2,0
585269,86,2,45
584744,86,2,172
584744,75,1,0
585788,75,1,10
585118,75,1,174
595443,69,4,9
599069,68,4,18
599681,65,4,40
601011,57,3,0
606277,59,3,21
618445,59,3,794
618472,58,3,0
610162,60,3,49
610162,60,3,32
611578,59,3,11
612632,59,3,53
611914,59,3,137
611650,57,3,0
613394,58,3,9
613921,61,3,140
631830,98,7,0
632836,98,7,7
631865,98,7,25
631866,91,7,0
633614,91,7,20
644067,88,7,790
644067,87,7,0
651984,85,7,62
651984,85,7,75
653204,96,9,4
657454,96,9,27
657947,96,9,192
657947,96,9,0
658425,97,9,50
658024,97,9,138
660124,120,9,3
656505,128,9,6
657428,128,9,141
656759,127,9,2
651185,127,9,23
639312,127,9,884
639285,131,9,0
671769,131,9,50
675340,131,9,0
675334,137,10,0
674923,137,10,7
673715,137,10,145
673715,137,10,20
675259,136,10,21
670121,134,10,306
668619,128,8,0
667633,129,8,6
669456,129,8,25
669798,129,8,0
666661,129,8,10
658619,133,8,377
658827,132,9,0
657196,134,9,23
662816,134,9,3
663153,132,8,11
661408,132,8,41
661306,132,8,71
661306,132,8,1
661070,132,8,2
662649,134,8,67
655016,110,6,1
657041,102,6,11
654699,103,6,49
656017,103,6,1
654294,103,6,26
647907,104,6,644
647907,106,6,0
608345,104,6,53
604779,104,6,5
606974,122,5,1
609069,123,5,8
609073,123,5,124
609073,123,5,0
606755,125,5,10
605885,124,5,99
597975,115,4,1
596617,114,4,40
595807,114,4,91
595464,114,4,0
598532,114,4,16
604882,114,4,867
604674,116,3,0
633632,115,3,77
628012,115,3,30
627160,112,2,25
624853,113,2,6
630741,114,2,116
630741,114,2,0
630108,113,2,14
635190,111,2,157
641675,124,5,0
640542,125,5,39
644122,124,5,37
642173,128,5,0
644294,126,5,27
647409,124,5,771
647409,123,5,0
512715,125,5,190
513353,125,5,22
512799,108,5,0
510349,107,5,27
510345,107,5,99
510345,107,5,0
513014,106,5,2
515667,106,5,50
515584,99,4,0
516163,99,4,14
515284,99,5,145
516490,101,5,0
515365,103,5,5
508283,101,5,581
510546,98,5,0
315088,100,5,57
315414,100,5,33
318137,88,5,2
318914,87,5,24
313244,86,5,96
318016,90,5,0
319120,90,5,25
315759,90,5,80
313323,100,2,0
317284,101,2,10
316370,102,2,84
318035,105,2,0
315909,106,2,22
311291,106,2,741
311291,102,2,0
329501,100,2,139
328858,100,2,0
327528,95,2,0
328549,95,2,40
329634,95,10,163
329634,98,10,0
325690,97,10,79
323579,104,10,109
322886,123,10,0
322389,123,10,19
322242,123,9,93
321036,123,9,0
319580,121,9,10
325235,128,9,826
323947,131,9,1
366124,128,9,113
365798,128,9,3
364672,138,9,7
368715,138,9,21
368125,139,9,151
363353,136,9,4
369084,137,9,29
366226,138,9,58
362277,136,10,0
357304,134,10,28
354757,133,10,64
353062,127,10,0
357761,126,10,22
358740,126,10,712
358809,124,10,0
356037,127,10,93
356037,127,10,0
356863,133,10,0
358608,133,10,40
358877,133,2,110
358877,130,2,0
361236,132,2,44
360694,125,2,40
358567,116,2,0
362746,116,2,1
367062,116,2,24
367062,114,2,0
374601,114,2,29
364967,105,2,516
363992,108,2,0
355708,108,2,65
355708,108,2,7
362960,111,2,21
359273,111,2,27
362889,110,2,147
362889,109,2,0
355756,108,2,13
356546,109,2,58
359703,116,0,0
363241,116,0,14
364440,116,0,26
364440,123,0,11
359750,128,0,8
367022,129,0,639
366953,133,0,0
380908,130,0,81
380908,130,0,0
380053,128,0,8
377644,128,0,39
376290,129,0,107
376291,132,0,0
379425,130,0,25
381035,130,0,94
386066,127,0,0
387073,127,0,51
385064,127,0,64
385632,131,0,25
381690,131,0,24
385440,132,0,715
385440,128,0,0
384663,128,0,112
385756,128,0,2
377224,129,0,62
377075,129,0,4
374026,129,0,98
374026,131,0,0
379544,140,0,42
385575,138,0,41
384008,124,5,0
384365,124,5,25
382899,127,5,142
382899,120,5,0
385161,117,5,46
378443,116,5,934
378443,112,5,6
400469,112,5,178
404824,112,5,0
404469,111,6,9
411830,122,6,10
413073,121,6,85
413072,121,6,0
412736,126,6,53
411698,126,6,95
415905,151,6,0
412795,151,6,3
410614,151,6,120
410679,148,6,0
408920,149,6,12
411116,150,7,1081
411117,152,7,0
464162,152,7,108
463069,152,7,5
462141,143,7,17
464415,144,7,24
467684,144,7,186
467684,143,7,0
